,PA_CODUNI,count,sum,
0,396,3,72.0,
1,485,1,3.37,
2,3018,1,55.1,
3,3271,1,24.0,
4,3816,28,727.8900000000001,
5,3832,3,72.0,
6,3859,1,22.27,
7,3875,1,24.2,
8,4073,2,277.26,
9,8036,2,0.0,
10,8982,2,51.66,
11,9156,2,0.0,
12,9318,9,744.0,
13,9350,3,28.5,
14,9709,4,89.71,
15,9962,2,48.0,
16,10030,4,96.0,
17,10049,159,1749.0,
18,10057,134,1446.88,
19,10073,134,1464.47,
20,10081,249,2758.8199999999997,
21,10103,87,946.7600000000002,
22,10111,44,491.35,
23,10243,30,332.94,
24,10405,2,36.58,
25,10456,3,39.85,
26,10499,1,24.0,
27,10510,4,101.49,
28,11738,6,2374.77,
29,11746,1,24.0,
30,11800,29,292.0,
31,11819,1,32.4,
32,11924,1,32.4,
33,12505,1,383.07,
34,13102,1,0.0,
35,15466,36,360.0,
36,15539,1,24.0,
37,15563,80,602.0,
38,15938,1,37.95,
39,16713,4,0.0,
40,16721,1,0.0,
41,16985,2,0.0,
42,17043,1,0.0,
43,17051,1,25.83,
44,17191,2,32.4,
45,17264,1,0.0,
46,17280,2,0.0,
47,17302,1,0.0,
48,17310,1,0.0,
49,17345,1,0.0,
50,17353,1,0.0,
51,17388,1,0.0,
52,17396,21,342.47,
53,17485,1,0.0,
54,17507,2,0.0,
55,17515,1,32.4,
56,17531,3,0.0,
57,18112,2,37.1,
58,18694,2,0.0,
59,19259,1,25.83,
60,20052,1,144.0,
61,21768,30,864.0,
62,21784,2,46.32,
63,23051,7,55.0,
64,23582,37,198.0,
65,26719,1,10.0,
66,26859,47,187.2399999999999,
67,27049,11,74.82000000000001,
68,27278,2,173.5,
69,27618,9,44.0,
70,27863,285,1906.740000000001,
71,48305,12,120.0,
72,50571,5,55.0,
73,59218,1,10.0,
74,86126,2,22.0,
75,100587,5,55.0,100587
76,114987,7,77.0,114987
77,201154,13,77.0,201154
78,301337,6,60.0,301337
79,393029,1,10.0,393029
80,2001527,3,30.0,
81,2004941,2,0.0,
82,2005557,2,0.0,
83,2005913,1,0.0,
84,2006197,485,4607.209999999999,
85,2007037,1,55.1,
86,2008793,5,55.0,
87,2009242,3,30.0,
88,2010216,1534,15470.0,
89,2011735,13,0.0,
90,2011867,3,0.0,
91,2011905,1,32.4,
92,2011956,1,0.0,
93,2012022,1,11.0,
94,2012553,2,23.47,
95,2012650,64,1637.09,
96,2012847,1,0.0,
97,2014556,2,0.0,
98,2014742,1,0.0,
99,2015323,2,0.0,
100,2015439,6,0.0,
101,2016648,1,11.0,
102,2016672,138,1564.94,
103,2017644,1,25.83,
104,2017652,13,104.0,
105,2017997,5,44.0,
106,2018918,1,48.0,
107,2018926,2,791.5899999999999,
108,2022672,1,0.0,
109,2022699,2,0.0,
110,2022834,1,0.0,
111,2022842,1,0.0,
112,2022869,3,0.0,
113,2022907,1,0.0,
114,2022923,6,0.0,
115,2022931,2,0.0,
116,2023091,3,0.0,
117,2023164,1,0.0,
118,2023172,1,0.0,
119,2023199,3,0.0,
120,2023318,1,0.0,
121,2023369,1,0.0,
122,2023628,2,0.0,
123,2024004,1,25.83,
124,2025299,54,390.0,
125,2025353,1,24.0,
126,2025361,2,71.13,
127,2025507,1,22.27,
128,2025914,3,33.0,
129,2026805,50,291.88,
130,2027674,5,0.0,
131,2028840,3,72.0,
132,2029189,1,4.1,
133,2030470,1,0.0,
134,2030772,1,0.0,
135,2031558,3,0.0,
136,2032171,1,24.2,
137,2032643,1,0.0,
138,2034867,1,0.0,
139,2036193,58,1879.2000000000019,
140,2037262,1,0.0,
141,2037270,6,0.0,
142,2038404,6,0.0,
143,2038757,2,20.0,
144,2038935,3,0.0,
145,2039753,1,0.0,
146,2040050,7,192.0,
147,2040670,1,0.0,
148,2040719,4,0.0,
149,2040891,1,0.0,
150,2041065,3,0.0,
151,2042576,3,0.0,
152,2046571,3,0.0,
153,2046954,13,0.0,
154,2047713,3,72.0,
155,2049619,3,72.0,
156,2050749,2,0.0,
157,2053209,1,25.83,
158,2053314,16,0.0,
159,2056062,2,0.0,
160,2056860,1,25.83,
161,2058154,1,408.52,
162,2058278,31,70.0,
163,2058790,19,0.0,
164,2061562,33,418.0,
165,2062054,274,2783.0,
166,2062151,1,0.0,
167,2062666,109,240.0,
168,2063603,611,6777.47,
169,2063646,1,24.0,
170,2064804,5,0.0,
171,2065266,1,0.0,
172,2066092,12,486.8499999999999,
173,2066394,1,25.83,
174,2069008,242,2697.659999999999,
175,2069601,1,24.0,
176,2069768,1,0.0,
177,2069776,34,82.17999999999999,
178,2070197,3,0.0,
179,2071487,7,70.0,
180,2073269,1,24.0,
181,2073323,1,25.83,
182,2073552,128,693.0,
183,2074044,5,288.0,
184,2074052,10,0.0,
185,2074257,3,77.49,
186,2075202,1,0.0,
187,2076225,2,48.0,
188,2077256,28,0.0,
189,2077396,21,1040.39,
190,2077434,1,32.4,
191,2077477,7,140.81,
192,2077523,7,643.3199999999999,
193,2077574,3,145.84,
194,2077582,1,10.0,
195,2077671,2,79.2,
196,2078015,279,19376.94000000004,
197,2078074,14,432.0,
198,2078325,4,201.18,
199,2078473,1,0.0,
200,2078511,1,23.16,
201,2078562,1,23.16,
202,2078813,2,13.48,
203,2079313,2,0.0,
204,2079437,2,0.0,
205,2079720,4,247.41,
206,2079798,8,231.71999999999997,
207,2079828,2,48.0,
208,2079917,2,49.83,
209,2079925,1,32.4,
210,2080052,1,24.0,
211,2080273,8,259.2,
212,2080338,46,171.79999999999998,
213,2080354,1,24.0,
214,2080842,1,23.16,
215,2080966,1,24.0,
216,2081164,4,92.64,
217,2081253,470,4570.039999999998,
218,2081350,2,47.16,
219,2081377,4,96.0,
220,2081458,533,5128.18,
221,2081660,2,46.32,
222,2082128,5,145.20000000000002,
223,2082187,24,711.15,
224,2082497,7,23.16,
225,2082527,4,25.1,
226,2082586,1,32.4,
227,2082691,1,24.0,
228,2082810,1,24.0,
229,2082888,1,400.0,
230,2082926,49,3792.0,
231,2083884,1,24.0,
232,2083981,4,129.03,
233,2084171,1,0.0,
234,2084414,9,241.91999999999996,
235,2084961,1,0.0,
236,2085062,7,264.0,
237,2085577,1,11.0,
238,2085607,2,0.0,
239,2085615,3,0.0,
240,2086107,3,24.519999999999996,
241,2086492,210,2321.0,
242,2086530,1,0.0,
243,2086743,3,0.0,
244,2086816,4,0.0,
245,2087693,2,55.56,
246,2088193,1,32.4,
247,2089769,1,0.0,
248,2090236,1,24.0,
249,2090457,1,0.0,
250,2090589,161,891.0,
251,2091658,4,103.32,
252,2092611,8,192.0,
253,2093138,1,136.41,
254,2093324,1,48.0,
255,2093618,1,0.0,
256,2096722,1,3.37,
257,2096757,1,0.0,
258,2096781,1,0.0,
259,2096838,4,0.0,
260,2096862,2,0.0,
261,2096919,1,0.0,
262,2096927,1,0.0,
263,2096943,4,0.0,
264,2096978,4,0.0,
265,2096994,4,0.0,
266,2097028,8,0.0,
267,2097095,4,0.0,
268,2098881,3,0.0,
269,2098911,4,0.0,
270,2109441,595,5942.55,
271,2115662,2,48.0,
272,2120542,3,72.0,
273,2120577,1,0.0,
274,2120631,1,0.0,
275,2120658,4,0.0,
276,2120674,3,0.0,
277,2123673,1,0.0,
278,2129469,2,48.0,
279,2140217,9,49.8,
280,2143402,1,0.0,
281,2146355,1,24.0,
282,2146525,1,24.0,
283,2147572,9,99.0,
284,2152479,1,0.0,
285,2152495,1,0.0,
286,2152576,1,0.0,
287,2152614,1,0.0,
288,2152967,1,0.0,
289,2153009,2,0.0,
290,2153343,1,0.0,
291,2153505,1,0.0,
292,2153963,2,0.0,
293,2154633,1,24.0,
294,2154757,2,46.32,
295,2159252,1,24.0,
296,2160137,212,2354.05,
297,2160803,2,0.0,
298,2164620,1,32.4,
299,2164760,5,0.0,
300,2164779,2,0.0,
301,2164787,2,0.0,
302,2164841,10,10.0,
303,2164884,24,0.0,
304,2164949,4,0.0,
305,2164965,14,0.0,
306,2164973,3,0.0,
307,2165082,15,0.0,
308,2165112,2,0.0,
309,2165120,1,0.0,
310,2165155,3,0.0,
311,2165163,1,0.0,
312,2165201,28,0.0,
313,2165228,3,0.0,
314,2165309,65,530.0,
315,2165333,4,0.0,
316,2165465,1,0.0,
317,2165473,3,0.0,
318,2168243,7,0.0,
319,2170299,4,0.0,
320,2193183,9,90.0,
321,2193310,72,370.55999999999995,
322,2195437,56,1488.0,
323,2200457,3,72.0,
324,2201666,2,10.0,
325,2201763,7,0.0,
326,2205440,15,84.66,
327,2208172,2,12.47,
328,2208857,1,24.0,
329,2209195,2,48.0,
330,2215586,16,160.0,
331,2218798,3,168.0,
332,2219646,16,77.34,
333,2225794,2,48.0,
334,2225891,1,0.0,
335,2227908,2,1.26,
336,2228653,74,277.48000000000013,
337,2229463,1,0.0,
338,2232014,5,56.69999999999999,
339,2232146,2,48.0,
340,2233355,167,867.6300000000006,
341,2233371,40,292.50000000000006,
342,2235412,4,34.6,
343,2235919,1,32.4,
344,2236567,14,78.47,
345,2237253,4,79.95,
346,2237601,10,676.92,
347,2237849,2,18.77,
348,2237881,81,663.5999999999999,
349,2238357,1,0.0,
350,2241803,5,60.879999999999995,
351,2244136,19,49.88,
352,2244152,1,32.4,
353,2244306,10,253.95,
354,2245213,13,480.0,
355,2246767,1,32.4,
356,2246929,1,10.0,
357,2246988,140,1921.7399999999989,
358,2246996,88,953.8600000000008,
359,2248220,1,23.16,
360,2250152,1,0.0,
361,2250225,2,0.0,
362,2250802,19,134.5,
363,2250837,16,138.35999999999999,
364,2252260,1,6.3,
365,2252988,2,0.0,
366,2253119,1,0.0,
367,2254964,5,911.07,
368,2257548,1,32.4,
369,2259095,1,0.0,
370,2260204,4,37.410000000000004,
371,2261057,10,3957.9500000000003,
372,2262002,1,22.27,
373,2262274,23,5956.0,
374,2262568,96,865.56,
375,2263602,3,0.0,
376,2263661,4,0.0,
377,2264307,1,7.26,
378,2266342,1,23.16,
379,2269295,459,4600.0,
380,2269341,18,30.0,
381,2269368,1,10.0,
382,2269503,4,0.0,
383,2269511,9,0.0,
384,2269554,1,10.0,
385,2269562,1,0.0,
386,2269732,12,0.0,
387,2269783,1,18.55,
388,2269929,12,30.9,
389,2269937,36,360.0,
390,2269953,264,0.0,
391,2270048,7,70.0,
392,2270064,1,25.83,
393,2270250,141,64.91,
394,2270277,62,0.0,
395,2270285,10,10.0,
396,2270420,245,2570.0,
397,2270455,4,0.0,
398,2270560,7,30.0,
399,2270633,33,0.0,
400,2273063,10,240.0,
401,2273179,30,290.0,
402,2273489,1,39.94,
403,2273551,12,29.25,
404,2277298,101,1.0,
405,2277301,45,473.86000000000047,
406,2277328,5,0.0,
407,2279282,2,192.0,
408,2280167,16,161.0,
409,2280191,38,380.0,
410,2280299,8,80.0,
411,2280744,7,0.0,
412,2281201,1,24.0,
413,2287250,2,58.0,
414,2287447,2,48.0,
415,2287919,1,24.0,
416,2288346,8,0.0,
417,2291274,156,20.22,
418,2292386,2,49.83,
419,2295407,22,181.42999999999998,
420,2295415,23,281.90999999999997,
421,2295423,2,20.0,
422,2296586,1,0.0,
423,2296616,11211,110009.61000000004,
424,2298120,101,580.4700000000001,
425,2304155,8,100.0,
426,2306220,4,55.22,
427,2306336,22,243.47,
428,2306344,823,7581.3200000000215,
429,2307006,1,24.2,
430,2311607,23,230.0,
431,2313057,17,2282.9000000000005,
432,2314312,1,24.2,
433,2323249,1,25.83,
434,2323494,1,25.83,
435,2325721,3,0.0,
436,2332906,1,24.0,
437,2332981,11,289.09,
438,2333201,236,2360.0,
439,2335026,4,103.32,
440,2336545,7,408.0,
441,2337835,3,72.0,
442,2337940,5,120.0,
443,2338424,1,39.94,
444,2339080,3,6.93,
445,2339099,1,24.0,
446,2340534,2,69.3,
447,2357623,1,268.75,
448,2360411,11,176.4,
449,2361744,3,46.63,
450,2361949,10,60.510000000000005,
451,2364840,1,101.1,
452,2373971,2,135.39,
453,2376334,1,24.0,
454,2377330,1,32.4,
455,2377578,1,0.0,
456,2379767,1,12.47,
457,2384299,1622,27248.94999999996,
458,2385015,1,383.07,
459,2389061,1,11.0,
460,2390671,2,0.0,
461,2393581,2,791.5899999999999,
462,2394324,5,0.0,
463,2397552,2,48.0,
464,2399180,7,168.0,
465,2403331,128,715.0,
466,2407205,2,83.0,
467,2408295,2,48.0,
468,2409119,1,10.0,
469,2409194,2,791.5899999999999,
470,2410834,45,121.0,
471,2411393,3,23.47,
472,2411415,7,87.29,
473,2418398,8,240.0,
474,2437198,1,12.47,
475,2438917,18,365.94,
476,2439093,1,24.0,
477,2439360,2,27.0,
478,2446030,11,0.0,
479,2451565,1,0.0,
480,2462214,1,396.0,
481,2464594,1,268.75,
482,2468360,2,108.9,
483,2470942,1,24.0,
484,2478153,2,20.0,
485,2482444,5,50.0,
486,2482452,4,40.0,
487,2482495,9,90.0,
488,2488892,2,20.0,
489,2489074,1,72.0,
490,2492342,4,23.16,
491,2493853,107,1070.0,
492,2494299,1,32.4,
493,2495279,3,66.81,
494,2496542,2,0.0,
495,2496569,2,0.0,
496,2497077,1,24.0,
497,2497751,11,430.14,
498,2505401,8,41.779999999999994,
499,2506661,16,413.2799999999998,
500,2510987,43,0.0,
501,2511290,5,0.0,
502,2511487,3,0.0,
503,2511606,1,0.0,
504,2511738,406,4464.98,
505,2511843,1,0.0,
506,2511851,1,0.0,
507,2512165,1,0.0,
508,2512548,16,160.0,
509,2512599,1,0.0,
510,2512688,166,720.0,
511,2512734,4,40.0,
512,2512882,10,200.66,
513,2513323,1,0.0,
514,2513838,2,35.23,
515,2515261,1,10.0,
516,2517906,1,24.0,
517,2522411,11,337.92,
518,2525569,1,10.0,
519,2525712,1,158.4,
520,2528584,4,40.0,
521,2528657,1,10.0,
522,2528673,1,10.0,
523,2528754,23,230.0,
524,2528916,20,200.0,
525,2528940,2,20.0,
526,2528959,1,10.0,
527,2528991,2,20.0,
528,2529238,4,40.0,
529,2531348,1,11.0,
530,2534460,3,32.589999999999996,
531,2534789,5,129.6,
532,2536366,19,504.0,
533,2537192,4,22.0,
534,2537788,6,12.47,
535,2537958,21,224.46,
536,2552760,112,420.0,
537,2552841,27,270.0,
538,2552868,6,60.0,
539,2557819,11,312.0,
540,2558254,14,158.41,
541,2559404,20,600.0,
542,2560771,3,253.01999999999998,
543,2561123,2,20.0,
544,2561158,3,30.0,
545,2561492,5,48.0,
546,2573628,1,0.0,
547,2592746,48,471.0700000000001,
548,2593262,1,97.44,
549,2593904,10,110.0,
550,2601680,1,11.0,
551,2639440,1,0.0,
552,2639467,9,144.47,
553,2639548,14,309.47,
554,2639556,15,298.47,
555,2639637,17,1104.0,
556,2639831,2,75.9,
557,2640244,1,11.0,
558,2653818,9,232.4699999999999,
559,2654504,2,0.0,
560,2655411,21,0.0,
561,2659689,1,0.0,
562,2660822,1,0.0,
563,2663244,2,0.0,
564,2663821,1,0.0,
565,2664747,1,24.0,
566,2673916,7,1441.19,
567,2675560,1,32.4,
568,2676125,4,96.0,
569,2678179,9,257.84000000000003,
570,2682214,3,113.85000000000001,
571,2684012,2,0.0,
572,2688689,1,133.03,
573,2691485,8,87.96000000000001,
574,2692570,5,0.0,
575,2695111,5,33.0,
576,2695251,35,243.15,
577,2695324,5,42.480000000000004,
578,2698439,77,1158.3000000000002,
579,2698471,1,23.16,
580,2701308,6,0.0,
581,2701391,22,0.0,
582,2702193,1,24.2,
583,2702398,12,120.0,
584,2704587,2,56.599999999999994,
585,2704773,4,0.0,
586,2704838,2,0.0,
587,2705125,2,0.0,
588,2705133,1,0.0,
589,2705680,4,0.0,
590,2707977,1,24.2,
591,2708000,1,6.3,
592,2708213,156,1620.0,
593,2708426,169,0.0,
594,2711168,2,0.0,
595,2714132,12,0.0,
596,2716798,2,7.26,
597,2719339,2,20.0,
598,2719630,1,0.0,
599,2719673,2,0.0,
600,2723158,3,72.0,
601,2736543,1,24.0,
602,2738864,68,353.47,
603,2740338,3,72.0,
604,2742462,1,0.0,
605,2748223,7,148.25,
606,2749068,4,0.0,
607,2749076,27,0.0,
608,2749084,10,0.0,
609,2749319,2,46.32,
610,2751070,1,0.0,
611,2751852,2,51.66,
612,2751860,1,25.83,
613,2751895,3,77.49,
614,2752220,1,0.0,
615,2753138,125,3528.0,
616,2754878,30,300.0,
617,2755009,2,0.0,
618,2755130,3,95.36,
619,2755491,2,537.5,
620,2755742,11,264.0,
621,2757222,13,437.84999999999997,
622,2757761,6,144.0,
623,2757915,1,10.0,
624,2759306,1,48.0,
625,2759616,3,672.0,
626,2760452,7,240.0,
627,2761203,11,63.53,
628,2764059,1,0.0,
629,2766167,2,64.8,
630,2772280,2,24.0,
631,2772310,6,69.63,
632,2773589,7,0.0,
633,2773597,6,0.0,
634,2777347,190,979.0,
635,2778831,1,0.63,
636,2784602,51,1680.0,
637,2784653,4,0.0,
638,2785382,1,268.75,
639,2785722,16,176.0,
640,2786117,2,277.26,
641,2786451,32,768.0,
642,2786737,2,0.0,
643,2787199,5,0.0,
644,2787245,1,0.0,
645,2787253,1,0.0,
646,2787288,3,0.0,
647,2787318,24,0.0,
648,2787377,4,0.0,
649,2787423,7,0.0,
650,2787458,3,0.0,
651,2787504,2,0.0,
652,2787563,5,0.0,
653,2787644,5,0.0,
654,2788314,1,0.0,
655,2788322,3,0.0,
656,2788365,1,0.0,
657,2788535,1,0.0,
658,2788616,1,0.0,
659,2788691,2,0.0,
660,2788942,3,0.0,
661,2788993,4,0.0,
662,2789027,2,0.0,
663,2789205,1,23.16,
664,2789256,1,0.0,
665,2789582,1,24.0,
666,2790556,2,13.48,
667,2790602,12,361.09,
668,2790734,5,168.0,
669,2791692,103,788.96,
670,2791706,1,32.4,
671,2792176,2,121.64,
672,2793008,1,18.55,
673,2798298,5,120.0,
674,2804034,2,277.26,
675,2807491,2,0.0,
676,2808412,19,18257.25,
677,2808579,23,253.0,
678,2813793,4,96.0,
679,2814455,541,9260.54999999996,
680,2815125,2,48.0,
681,2818728,1,0.0,
682,3002543,2,0.0,
683,3004791,1,101.1,
684,3008827,2,48.0,
685,3012212,2,62.150000000000006,
686,3013499,6,267.3,
687,3019993,1,24.0,
688,3023052,1,24.0,
689,3032191,1,0.0,
690,3038467,14,140.0,
691,3051919,1,0.0,
692,3057003,2,0.0,
693,3060322,1,2.81,
694,3062503,1,24.0,
695,3075516,1,12.47,
696,3089657,42,0.0,
697,3092402,18,0.0,
698,3099784,1,0.0,
699,3101150,2,0.0,
700,3111075,2,0.0,
701,3116085,2,791.5899999999999,
702,3139050,1,37.95,
703,3157245,4,192.0,
704,3200116,2,48.0,
705,3212270,1,10.0,
706,3239284,5,0.0,
707,3240061,2,0.0,
708,3277062,1,24.0,
709,3296350,3,21.78,
710,3314766,12,289.16,
711,3340821,138,1520.94,
712,3345599,1,0.0,
713,3348431,1,138.63,
714,3380777,12,140.82,
715,3443523,2,0.0,
716,3480879,24,264.0,
717,3492958,2,0.0,
718,3499359,1,10.0,
719,3500179,55,550.0,
720,3530124,2,791.5899999999999,
721,3534979,3,72.0,
722,3549828,1,24.2,
723,3553728,4,195.0,
724,3582906,1,0.0,
725,3614948,4,0.0,
726,3626245,5,173.10000000000002,
727,3741141,2,0.0,
728,3746356,1,0.0,
729,3771016,4,96.0,
730,3771962,3,24.099999999999998,
731,3796868,1,0.0,
732,3827836,18,345.41,
733,3850757,2,0.0,
734,3912698,1,0.0,
735,3950220,2,0.0,
736,4001303,1,24.0,
737,4013441,30,300.0,
738,4020154,1,11.0,
739,4020278,1,10.0,
740,4034325,2,20.0,
741,4044916,26,1440.0,
742,4046307,9,80.0,
743,4048571,5,120.0,
744,4049993,2,0.0,
745,4050088,8,0.0,
746,4050118,2,0.0,
747,4050142,1,0.0,
748,4050185,2,0.0,
749,4050223,2,0.0,
750,4050312,3,77.49,
751,4061314,1,24.0,
752,4067223,2,0.0,
753,5027195,3,46.239999999999995,
754,5077265,2,0.0,
755,5120349,77,667.49,
756,5130794,79,790.0,
757,5142725,1,0.0,
758,5154197,1,0.0,
759,5195756,1,39.94,
760,5205905,2,48.0,
761,5215269,24,445.20000000000016,
762,5230241,34,220.85,
763,5242282,2,62.150000000000006,
764,5301831,3,0.0,
765,5309808,2,0.0,
766,5323436,11,176.0,
767,5366828,1,37.95,
768,5413451,24,672.0,
769,5504694,1,0.0,
770,5506115,2,0.0,
771,5522935,2,72.0,
772,5585031,22,0.0,
773,5585147,40,0.0,
774,5585422,1,24.0,
775,5586372,10,120.0,
776,5587956,274,2778.3999999999996,
777,5595746,1,0.0,
778,5598435,23,100.38000000000001,
779,5617286,1,0.0,
780,5618401,5,127.32,
781,5620341,2,0.0,
782,5621534,17,170.0,
783,5621801,3,24.0,
784,5625416,3,0.0,
785,5662583,7,291.59999999999997,
786,5664675,1,24.0,
787,5682606,1,0.0,
788,5695813,3,0.0,
789,5699525,3,0.0,
790,5711207,10,0.0,
791,5717256,5,26.94,
792,5718368,1,138.63,
793,5743583,3,0.0,
794,5815991,2,0.0,
795,5844843,1,0.0,
796,5859670,1,0.0,
797,5877407,1,0.0,
798,5883229,301,3312.47,
799,5908418,7,264.0,
800,5989442,100,1112.47,
801,5995280,373,1826.2600000000007,
802,5997763,1,0.0,
803,6007503,2,0.0,
804,6020895,3,0.0,
805,6023975,106,0.0,
806,6023983,7,0.0,
807,6028233,185,0.0,
808,6030807,9,66.0,
809,6032419,2,0.0,
810,6032427,2,0.0,
811,6048692,50,287.09000000000003,
812,6056148,2,47.16,
813,6123740,14,1484.87,
814,6148336,3,77.49,
815,6164366,4,97.98,
816,6211402,2,20.0,
817,6212581,22,544.4699999999999,
818,6224105,2,0.0,
819,6239900,1,24.0,
820,6246028,3,57.900000000000006,
821,6251013,1,0.0,
822,6287913,1,10.0,
823,6289304,3,75.66,
824,6294049,13,562.92,
825,6300790,1,268.75,
826,6305202,2,0.0,
827,6305628,3,0.0,
828,6334881,1,0.0,
829,6359620,18,532.9299999999998,
830,6365213,12,309.95999999999987,
831,6377777,1,34.65,
832,6380417,4,0.0,
833,6387713,2,37.0,
834,6423086,14,358.9499999999999,
835,6427286,9,216.0,
836,6432530,11,278.76,
837,6439993,394,4341.35,
838,6461018,4,0.0,
839,6463487,47,521.4100000000001,
840,6476058,4,95.16,
841,6479146,36,884.34,
842,6479200,5,99.37,
843,6488714,28,309.47,
844,6509142,1,0.0,
845,6523536,4,168.0,
846,6546463,38,954.5400000000005,
847,6559379,1,9.0,
848,6559727,1,24.2,
849,6568459,31,803.6700000000003,
850,6568734,185,965.8200000000002,
851,6568971,31,1386.9600000000003,
852,6572367,1,25.83,
853,6575900,131,1349.67,
854,6580254,2,0.0,
855,6601804,4,44.1,
856,6603432,5,144.0,
857,6604862,4,120.0,
858,6607330,7,180.80999999999995,
859,6613136,9,99.0,
860,6616445,1,86.76,
861,6618863,1,24.2,
862,6621333,5,55.0,
863,6631169,84,925.1700000000002,
864,6655416,10,297.3,
865,6657516,29,1291.79,
866,6669727,29,812.5200000000001,
867,6682545,4,40.0,
868,6697208,2,48.0,
869,6699529,4,129.6,
870,6699863,4,129.6,
871,6700667,2,0.0,
872,6708714,61,407.3700000000001,
873,6716849,284,1065.490000000001,
874,6716938,54,345.76999999999987,
875,6737498,9,0.0,
876,6742831,21,182.63,
877,6752233,4,363.81,
878,6762794,12,494.0,
879,6763944,2,74.25,
880,6780598,4,56.4,
881,6792782,2,55.56,
882,6804845,1,0.0,
883,6826393,332,1209.2900000000002,
884,6847587,160,894.7000000000002,
885,6851304,62,341.0,
886,6855334,12,133.47,
887,6867294,12,66.0,
888,6873960,323,12.43,
889,6876617,1,18.55,
890,6886345,101,957.0,
891,6895263,31,799.3100000000002,
892,6914624,2,22.0,
893,6916074,1285,7410.349999999999,
894,6942253,13,1485.0000000000002,
895,6950175,17,0.0,
896,6956718,1,24.0,
897,6959636,192,4959.35999999999,
898,6960758,1,0.0,
899,6992560,942,9444.380000000001,
900,6998178,1,25.83,
901,7021437,12,33.0,
902,7021801,12,108.89999999999999,
903,7033702,7,180.80999999999995,
904,7035861,150,1651.47,
905,7038216,61,417.3,
906,7041624,4,23.259999999999998,
907,7054254,2,64.8,
908,7058616,24,576.0,
909,7065817,4,0.0,
910,7066376,1,48.0,
911,7066953,1,0.0,
912,7078730,20,117.05,
913,7101856,167,1215.2499999999998,
914,7103271,1,0.0,
915,7107366,10,94.11,
916,7110162,59,308.25999999999993,
917,7111924,16,133.03,
918,7112831,152,1194.6900000000005,
919,7115148,2,48.0,
920,7115652,185,880.0,
921,7116756,56,367.62000000000006,
922,7152574,10,88.0,
923,7155832,8,33.0,
924,7160305,1,10.0,
925,7165765,1,6.74,
926,7176147,1,0.0,
927,7187963,4,1583.1799999999998,
928,7188676,1,48.0,
929,7204639,3,0.0,
930,7209517,7,178.97999999999996,
931,7257406,2,55.22,
932,7260784,33,374.0,
933,7278888,23,242.0,
934,7284284,7,70.0,
935,7286082,72,12.47,
936,7288921,1,10.0,
937,7298293,4,159.76,
938,7299532,137,1442.6699999999996,
939,7309708,1,0.0,
940,7316496,6,180.0,
941,7336551,46,460.0,
942,7352522,1,0.0,
943,7368895,3,97.19999999999999,
944,7371586,4,25.2,
945,7372116,44,441.47,
946,7373465,4,95.25999999999999,
947,7376421,14,0.0,
948,7396805,120,66.03,
949,7407505,5,56.47,
950,7407629,1,0.0,
951,7413750,1,0.0,
952,7417659,60,320.59,
953,7418078,4,0.0,
954,7418094,15,0.0,
955,7418108,2,1.0,
956,7432895,1,0.0,
957,7458606,1,32.4,
958,7465157,51,372.5800000000001,
959,7468466,1,0.0,
960,7472552,1,39.94,
961,7473702,1,24.2,
962,7476620,6,0.0,
963,7492987,6,42.449999999999996,
964,7496117,27,644.6200000000001,
965,7498233,83,730.6700000000006,
966,7520433,6,0.0,
967,7523246,87,2.0,
968,7523483,3,0.0,
969,7526768,1,0.0,
970,7549938,1,0.0,
971,7559461,5,120.0,
972,7560435,16,346.6999999999999,
973,7573057,2,19.0,
974,7573162,1,24.0,
975,7576617,1,48.4,
976,7584717,3,0.0,
977,7592477,9,67.47,
978,7614578,1,10.0,
979,7621442,2,97.44,
980,7636881,1,0.0,
981,7636970,197,2167.0,
982,7641117,43,335.88,
983,7652038,29,183.35,
984,7657358,8,52.81,
985,7666772,3,33.0,
986,7682581,6,55.0,
987,7686625,1,0.0,
988,7690649,8,0.0,
989,7697422,10,55.0,
990,7716532,1,37.95,
991,7740905,2,0.0,
992,7746180,363,4006.229999999999,
993,7760000,3,0.0,
994,7770723,8,44.0,
995,7778651,7,150.97,
996,7792522,647,3516.35,
997,7813767,2,34.16,
998,7818858,11,121.0,
999,7877447,55,2904.0,
1000,7879679,1,0.63,
1001,7892985,33,185.0,
1002,7904894,488,5371.699999999999,
1003,7905025,8,0.0,
1004,7907281,1,10.0,
1005,7911238,470,4604.639999999999,
1006,7924798,91,981.94,
1007,7934904,2,0.0,
1008,7936850,60,320.47,
1009,7949553,123,1369.88,
1010,7953917,49,277.23,
1011,7996802,24,132.0,
1012,7998422,5,55.0,
1013,8007527,142,1557.5100000000002,
1014,8013543,1,23.16,
1015,9000879,3,33.0,
1016,9005668,18,0.0,
1017,9010750,1,0.0,
1018,9019308,2,11.0,
1019,9020284,28,309.47,
1020,9024980,62,682.0,
1021,9030670,21,232.47,
1022,9039899,5,0.0,
1023,9045023,1,24.2,
1024,9056971,153,1683.0,
1025,9057706,68,0.0,
1026,9070567,123,1331.0,
1027,9079939,49,0.0,
1028,9080163,150,0.0,
1029,9120068,86,947.47,
1030,9128093,3,1.0,
1031,9129553,1,10.0,
1032,9160876,57,450.0000000000002,
1033,9211861,860,9482.0,
1034,9214097,9,188.47,
1035,9228853,22,99.0,
1036,9232141,1,25.83,
1037,9240950,42,385.0,
1038,9242295,788,8686.88,
1039,9243038,42,480.4500000000005,
1040,9250026,2,15.42,
1041,9314687,6,149.49,
1042,9344330,70,363.0,
1043,9361413,146,814.7600000000001,
1044,9372822,141,1410.0,
1045,9373845,116,1229.79,
1046,9373853,4,40.0,
1047,9381015,2,0.0,
1048,9384553,4,40.0,
1049,9400109,509,2805.0,
1050,9439897,1,23.16,
1051,9442642,53,3814.47,
1052,9461787,122,622.09,
1053,9491112,2,79.2,
1054,9507930,16,160.0,
1055,9507949,11,110.0,
1056,9511377,2,20.0,
1057,9516182,99,1037.49,
1058,9526382,21,177.39000000000001,
1059,9585370,4,30.0,
1060,9595414,2,51.66,
1061,9597522,2,75.9,
1062,9617868,16,176.0,
1063,9634738,1,11.0,
1064,9661522,1,0.0,
1065,9717463,8,110.44,
1066,9717552,23,255.94,
1067,9762272,13,193.64,
1068,9792376,1,11.0,
1069,9794506,93,1031.9299999999998,
1070,9837841,26,260.0,
1071,9866027,1,10.0,
1072,9866035,20,204.1,
1073,9892346,2,0.0,
1074,9922962,1,10.0,
1075,9939938,9,90.0,
1076,9944532,29,12.47,
1077,9949763,15,150.0,
1078,9998519,4,22.0,
